,Countries,Author(s),Title,Publication Date,Source,Page Numbers,Link,Category,Abstract,heatwave,heat wave,heat  wave,heat  action  plan,heat  health,heat early warning system,heat-health action plan,heat-health warning  systems,extreme heat management,heat wave management,public health heat wave alert,Predicted_Labels
0,American Samoa,nan,nan,nan,nan,nan,"https://toolkit.climate.gov/case-studies/developing-early-warning-system-prevent-heat-illness&amp;sa=U&amp;ved=2ahUKEwim9dau0NSBAxV4r5UCHWdHBvgQFnoECAYQAg&amp;usg=AOvVaw2mL_h9Q4FYWJGPB-l2LEL2""",Government,nan,0,1,0,0,0,0,0,0,0,0,0,0
1,Antarctica,nan,nan,nan,nan,nan,https://www.vox.com/22538401/texas-heat-wave-weather-definition-record-temperature-climate-change\x26amp;sa\x3dU\x26amp;ved\x3d2ahUKEwifndOr0NSBAxXQrZUCHegXCwsQFnoECAEQDQ\x26amp;usg\x3dAOvVaw24mF7Cbc5JVPYmwBw6C6-3\x22,Government,nan,0,1,0,0,0,0,0,0,0,0,0,0
2,Bangladesh,"…, Ahmedabad Heat and Climate Study Group - International journal of …, 2014 - mdpi.com,K Knowlton, SP Kulkarni, GS Azhar… - International journal of …, 2014 - mdpi.com","Development and implementation of South Asia's first heat-health action plan in Ahmedabad (Gujarat, India),Development and implementation of South Asia's first heat-health action plan in Ahmedabad (Gujarat, India)","…, Ahmedabad Heat and Climate Study Group - International journal of …, 2014 - mdpi.com,K Knowlton, SP Kulkarni, GS Azhar… - International journal of …, 2014 - mdpi.com","…, Ahmedabad Heat and Climate Study Group - International journal of …, 2014 - mdpi.com,K Knowlton, SP Kulkarni, GS Azhar… - International journal of …, 2014 - mdpi.com","[HTML] mdpi.com,[HTML] mdpi.com","https://www.mdpi.com/1660-4601/11/4/3473,https://www.mdpi.com/1660-4601/11/4/3473","Academic Journal,Academic Journal","… effort include a Heat Action Plan (HAP), and an extreme heat early warning … Heat Action 
Plan The HAP was developed as an administrative tool that would define different levels of heat …,… heat action plan for Ahmedabad. Its specific objectives were: (1) to assess heat-health impacts 
… project, offer details on the first heat-health action plan implemented in a South Asian city, …","1.0,1.0","1.0,1.0","0.0,0.0","0.0,0.0","0.0,0.0","1.0,1.0","1.0,1.0","0.0,0.0","0.0,0.0","0.0,0.0","0.0,0.0","1,1"
3,Belarus,"A Casanueva, A Burgstall, S Kotlarski… - International journal of …, 2019 - mdpi.com,A Casanueva, A Burgstall, S Kotlarski… - … and public health, 2019 - mdpi.com,A Casanueva, A Burgstall, S Kotlarski… - International journal of …, 2019 - mdpi.com,A Casanueva, A Burgstall, S Kotlarski… - International journal of …, 2019 - mdpi.com","Overview of existing heat-health warning systems in Europe,Overview of existing heat-health warning systems in Europe,Overview of existing heat-health warning systems in Europe,Overview of existing heat-health warning systems in Europe","A Casanueva, A Burgstall, S Kotlarski… - International journal of …, 2019 - mdpi.com,A Casanueva, A Burgstall, S Kotlarski… - … and public health, 2019 - mdpi.com,A Casanueva, A Burgstall, S Kotlarski… - International journal of …, 2019 - mdpi.com,A Casanueva, A Burgstall, S Kotlarski… - International journal of …, 2019 - mdpi.com","A Casanueva, A Burgstall, S Kotlarski… - International journal of …, 2019 - mdpi.com,A Casanueva, A Burgstall, S Kotlarski… - … and public health, 2019 - mdpi.com,A Casanueva, A Burgstall, S Kotlarski… - International journal of …, 2019 - mdpi.com,A Casanueva, A Burgstall, S Kotlarski… - International journal of …, 2019 - mdpi.com","[PDF] mdpi.com,[PDF] mdpi.com,[PDF] mdpi.com,[PDF] mdpi.com","https://www.mdpi.com/1660-4601/16/15/2657,https://www.mdpi.com/1660-4601/16/15/2657,https://www.mdpi.com/1660-4601/16/15/2657,https://www.mdpi.com/1660-4601/16/15/2657","Academic Journal,Academic Journal,Academic Journal,Academic Journal","… , describes the heat early warning and heat action for … early warning system and inter-agency 
coordination, (3) capacity building among health care professionals and (4) reducing heat …,… European heat-health warning systems and heat-health action … heat-health warning systems, 
such as the one currently under development in the framework of the Horizon 2020 HEAT-…,… Here we present a state-of-the-art review of HHWSs and heat-health action plans (HHAPs) 
of 16 countries, based on existing literature, web research and direct contact to National …,… development of heat-health warning systems and action plans … of 16 European heat-health 
warning systems and heat-health … the way for future heat-health warning systems, such as the …","1.0,1.0,1.0,1.0","1.0,1.0,1.0,1.0","0.0,0.0,0.0,0.0","0.0,0.0,0.0,0.0","0.0,0.0,0.0,0.0","0.0,0.0,0.0,0.0","1.0,1.0,1.0,1.0","0.0,0.0,0.0,0.0","0.0,0.0,0.0,0.0","0.0,0.0,0.0,0.0","0.0,0.0,0.0,0.0","1,1,1,1"
4,Bermuda,"nan,nan,nan,nan","nan,nan,nan,nan","nan,nan,nan,nan","nan,nan,nan,nan","nan,nan,nan,nan","https://en.wikipedia.org/wiki/Heat_wave%23Other_impacts&amp;sa=U&amp;ved=2ahUKEwifndOr0NSBAxXQrZUCHegXCwsQ0gJ6BAgKEAg&amp;usg=AOvVaw334Z6ts7_OOgnIOKCjBB_s"",https://en.wikipedia.org/wiki/Heat_wave%23Causes&amp;sa=U&amp;ved=2ahUKEwifndOr0NSBAxXQrZUCHegXCwsQ0gJ6BAgKEAY&amp;usg=AOvVaw0hA_kzKimtSIS8weSR5EFm"",https://en.wikipedia.org/wiki/Heat_wave%23Impacts_on_human_health&amp;sa=U&amp;ved=2ahUKEwifndOr0NSBAxXQrZUCHegXCwsQ0gJ6BAgKEAc&amp;usg=AOvVaw2FlAbveXvJtCjRkBbjMVLh"",https://en.wikipedia.org/wiki/Heat_wave%23Definitions&amp;sa=U&amp;ved=2ahUKEwifndOr0NSBAxXQrZUCHegXCwsQ0gJ6BAgKEAU&amp;usg=AOvVaw2-d6JISuJv7FiaIKRnTxqB""","Government,Government,Government,Government","nan,nan,nan,nan","1.0,1.0,1.0,1.0","1.0,1.0,1.0,1.0","0.0,0.0,0.0,0.0","0.0,0.0,0.0,0.0","0.0,0.0,0.0,0.0","0.0,0.0,0.0,0.0","0.0,0.0,0.0,0.0","0.0,0.0,0.0,0.0","0.0,0.0,0.0,0.0","0.0,0.0,0.0,0.0","0.0,0.0,0.0,0.0","1,1,1,1"
5,Cuba,"M Loughnan, N Nicholls… - International Journal of …, 2012 - downloads.hindawi.com,MA Coleman, AJP Minne, S Vranken, T Wernberg - Scientific reports, 2020 - nature.com","Mapping heat health risks in urban areas,Genetic tropicalisation following a marine heatwave","M Loughnan, N Nicholls… - International Journal of …, 2012 - downloads.hindawi.com,MA Coleman, AJP Minne, S Vranken, T Wernberg - Scientific reports, 2020 - nature.com","M Loughnan, N Nicholls… - International Journal of …, 2012 - downloads.hindawi.com,MA Coleman, AJP Minne, S Vranken, T Wernberg - Scientific reports, 2020 - nature.com","[PDF] hindawi.com,[HTML] nature.com","https://downloads.hindawi.com/archive/2012/518687.pdf,https://www.nature.com/articles/s41598-020-69665-w","Academic Journal,Academic Journal","… , demographic, and health-related risk factors for heat stress. The spatial variations in … 
heat-related health outcomes in urban Melbourne. The index was weighted using measured health …,… -occurring seaweeds within the footprint of the heatwave that opened space for rapid local 
… the footprint of the heatwave. Thus, extreme events such as marine heatwaves not only lead …","0.0,1.0","0.0,1.0","0.0,0.0","0.0,0.0","0.0,0.0","0.0,0.0","0.0,0.0","0.0,0.0","0.0,0.0","0.0,0.0","0.0,0.0","1,1"
6,Georgia,"R Lowe, M García-Díez, J Ballester, J Creswick… - International journal of …, 2016 - mdpi.com,A Matzarakis, G Laschewski, S Muthers - Atmosphere, 2020 - mdpi.com,A Matzarakis, G Laschewski, S Muthers - Atmosphere, 2020 - mdpi.com,K Knowlton, SP Kulkarni, GS Azhar… - International journal of …, 2014 - mdpi.com,A Casanueva, A Burgstall, S Kotlarski… - International journal of …, 2019 - mdpi.com,A Casanueva, A Burgstall, S Kotlarski… - International journal of …, 2019 - mdpi.com,A Casanueva, A Burgstall, S Kotlarski… - International journal of …, 2019 - mdpi.com,D Lowe, KL Ebi, B Forsberg - … of environmental research and public health, 2011 - mdpi.com,A Casanueva, A Burgstall, S Kotlarski… - … and public health, 2019 - mdpi.com,M Morabito, A Messeri, P Noti, A Casanueva… - International journal of …, 2019 - mdpi.com,HC Çulpan, Ü Şahin, G Can - Atmosphere, 2022 - mdpi.com,…, Ahmedabad Heat and Climate Study Group - International journal of …, 2014 - mdpi.com,M Li, S Gu, P Bi, J Yang, Q Liu - … research and public health, 2015 - mdpi.com,Y Chae, J Park - … Journal of Environmental Research and Public Health, 2021 - mdpi.com,JR Nairn, RJB Fawcett - … journal of environmental research and public …, 2015 - mdpi.com,A Nori-Sarma, T Benmarhnia, A Rajiva… - … and public health, 2019 - mdpi.com","Evaluation of an early-warning system for heat wave-related mortality in Europe: Implications for sub-seasonal to seasonal forecasting and climate services,The heat health warning system in Germany—Application and warnings for 2005 to 2019,The heat health warning system in Germany—Application and warnings for 2005 to 2019,Development and implementation of South Asia's first heat-health action plan in Ahmedabad (Gujarat, India),Overview of existing heat-health warning systems in Europe,Overview of existing heat-health warning systems in Europe,Overview of existing heat-health warning systems in Europe,Heatwave early warning systems and adaptation advice to reduce human health consequences of heatwaves,Overview of existing heat-health warning systems in Europe,An occupational heat–health warning system for Europe: the HEAT-SHIELD platform,A Step to Develop Heat-Health Action Plan: Assessing Heat Waves' Impacts on Mortality,Development and implementation of South Asia's first heat-health action plan in Ahmedabad (Gujarat, India),Heat waves and morbidity: current knowledge and further direction-a comprehensive literature review,Analysis on effectiveness of impact based heatwave warning considering severity and likelihood of health impacts in Seoul, Korea,The excess heat factor: a metric for heatwave intensity and its use in classifying heatwave severity,Advancing our understanding of heat wave criteria and associated health impacts to improve heat wave alerts in developing country settings","R Lowe, M García-Díez, J Ballester, J Creswick… - International journal of …, 2016 - mdpi.com,A Matzarakis, G Laschewski, S Muthers - Atmosphere, 2020 - mdpi.com,A Matzarakis, G Laschewski, S Muthers - Atmosphere, 2020 - mdpi.com,K Knowlton, SP Kulkarni, GS Azhar… - International journal of …, 2014 - mdpi.com,A Casanueva, A Burgstall, S Kotlarski… - International journal of …, 2019 - mdpi.com,A Casanueva, A Burgstall, S Kotlarski… - International journal of …, 2019 - mdpi.com,A Casanueva, A Burgstall, S Kotlarski… - International journal of …, 2019 - mdpi.com,D Lowe, KL Ebi, B Forsberg - … of environmental research and public health, 2011 - mdpi.com,A Casanueva, A Burgstall, S Kotlarski… - … and public health, 2019 - mdpi.com,M Morabito, A Messeri, P Noti, A Casanueva… - International journal of …, 2019 - mdpi.com,HC Çulpan, Ü Şahin, G Can - Atmosphere, 2022 - mdpi.com,…, Ahmedabad Heat and Climate Study Group - International journal of …, 2014 - mdpi.com,M Li, S Gu, P Bi, J Yang, Q Liu - … research and public health, 2015 - mdpi.com,Y Chae, J Park - … Journal of Environmental Research and Public Health, 2021 - mdpi.com,JR Nairn, RJB Fawcett - … journal of environmental research and public …, 2015 - mdpi.com,A Nori-Sarma, T Benmarhnia, A Rajiva… - … and public health, 2019 - mdpi.com","R Lowe, M García-Díez, J Ballester, J Creswick… - International journal of …, 2016 - mdpi.com,A Matzarakis, G Laschewski, S Muthers - Atmosphere, 2020 - mdpi.com,A Matzarakis, G Laschewski, S Muthers - Atmosphere, 2020 - mdpi.com,K Knowlton, SP Kulkarni, GS Azhar… - International journal of …, 2014 - mdpi.com,A Casanueva, A Burgstall, S Kotlarski… - International journal of …, 2019 - mdpi.com,A Casanueva, A Burgstall, S Kotlarski… - International journal of …, 2019 - mdpi.com,A Casanueva, A Burgstall, S Kotlarski… - International journal of …, 2019 - mdpi.com,D Lowe, KL Ebi, B Forsberg - … of environmental research and public health, 2011 - mdpi.com,A Casanueva, A Burgstall, S Kotlarski… - … and public health, 2019 - mdpi.com,M Morabito, A Messeri, P Noti, A Casanueva… - International journal of …, 2019 - mdpi.com,HC Çulpan, Ü Şahin, G Can - Atmosphere, 2022 - mdpi.com,…, Ahmedabad Heat and Climate Study Group - International journal of …, 2014 - mdpi.com,M Li, S Gu, P Bi, J Yang, Q Liu - … research and public health, 2015 - mdpi.com,Y Chae, J Park - … Journal of Environmental Research and Public Health, 2021 - mdpi.com,JR Nairn, RJB Fawcett - … journal of environmental research and public …, 2015 - mdpi.com,A Nori-Sarma, T Benmarhnia, A Rajiva… - … and public health, 2019 - mdpi.com","[PDF] mdpi.com,[PDF] mdpi.com,[PDF] mdpi.com,[HTML] mdpi.com,[PDF] mdpi.com,[PDF] mdpi.com,[PDF] mdpi.com,[PDF] mdpi.com,[PDF] mdpi.com,[PDF] mdpi.com,[HTML] mdpi.com,[HTML] mdpi.com,[PDF] mdpi.com,[PDF] mdpi.com,[PDF] mdpi.com,[PDF] mdpi.com","https://www.mdpi.com/1660-4601/13/2/206,https://www.mdpi.com/2073-4433/11/2/170,https://www.mdpi.com/2073-4433/11/2/170,https://www.mdpi.com/1660-4601/11/4/3473,https://www.mdpi.com/1660-4601/16/15/2657,https://www.mdpi.com/1660-4601/16/15/2657,https://www.mdpi.com/1660-4601/16/15/2657,https://www.mdpi.com/1660-4601/8/12/4623,https://www.mdpi.com/1660-4601/16/15/2657,https://www.mdpi.com/1660-4601/16/16/2890,https://www.mdpi.com/2073-4433/13/12/2126,https://www.mdpi.com/1660-4601/11/4/3473,https://www.mdpi.com/1660-4601/12/5/5256,https://www.mdpi.com/1660-4601/18/5/2380,https://www.mdpi.com/1660-4601/12/1/227,https://www.mdpi.com/1660-4601/16/12/2089","Academic Journal,Academic Journal,Academic Journal,Academic Journal,Academic Journal,Academic Journal,Academic Journal,Academic Journal,Academic Journal,Academic Journal,Academic Journal,Academic Journal,Academic Journal,Academic Journal,Academic Journal,Academic Journal","… climate-resilient health systems. A HHAP relies on early-warning systems for timely activation 
… These results are promising for the development of more localised early warning systems. …,… and warned by means of an advanced procedure known as a “heat health warning system 
(… European countries have implemented heat health warning systems as a consequence of …,… of an advanced procedure known as a “heat health warning system” (HHWS). It is aimed at 
… heat health warning systems as a consequence of the 2003 heat waves. Specific periods of …,… heat action plan for Ahmedabad. Its specific objectives were: (1) to assess heat-health impacts 
… project, offer details on the first heat-health action plan implemented in a South Asian city, …,… , describes the heat early warning and heat action for … early warning system and inter-agency 
coordination, (3) capacity building among health care professionals and (4) reducing heat …,… Here we present a state-of-the-art review of HHWSs and heat-health action plans (HHAPs) 
of 16 countries, based on existing literature, web research and direct contact to National …,… development of heat-health warning systems and action plans … of 16 European heat-health 
warning systems and heat-health … the way for future heat-health warning systems, such as the …,… Within the notification strategies, none of the HEWS present heat health risk information in a 
… options for presenting the risks associated with heat waves. A review of statistical formats [40…,… European heat-health warning systems and heat-health action … heat-health warning systems, 
such as the one currently under development in the framework of the Horizon 2020 HEAT-…,… Existing heat–health warning systems focus on warning vulnerable groups in order to 
reduce mortality. However, human health and performance are affected at much lower …,… the implementation of Heat-Health Action Plans, which … the health system, and improvements 
in urban planning [15]. … Therefore, there is a need for local and national action plans …,… effort include a Heat Action Plan (HAP), and an extreme heat early warning … Heat Action 
Plan The HAP was developed as an administrative tool that would define different levels of heat …,… heat waves and the health indicators that can be used in the early warning systems to guide 
the public health … Yet there is a knowledge gap in the impact of heat waves on morbidity. In …,… Some studies have shown that excess mortality from heat waves in London increased 
dramatically at about 19 C [30,31]. Emergency department visits (2011~2013) in Shanghai, China …,… heatwaves threaten. Analysis and forecasts of low-intensity heatwaves would also be 
included in a heatwave … Measurement and tracking of more frequent low-intensity heatwaves …,… can inform policy on heat wave alerts to maximize the public health impact while minimizing 
… during heat wave alerts; this may avoid saturating the public with heat wave warnings, which …","1.0,0.0,0.0,1.0,1.0,1.0,1.0,1.0,1.0,1.0,1.0,1.0,1.0,1.0,1.0,1.0","1.0,1.0,1.0,1.0,1.0,1.0,1.0,1.0,1.0,1.0,1.0,1.0,1.0,1.0,1.0,1.0","0.0,0.0,0.0,0.0,0.0,0.0,0.0,0.0,0.0,0.0,0.0,0.0,0.0,0.0,0.0,0.0","0.0,0.0,0.0,0.0,0.0,0.0,0.0,0.0,0.0,0.0,0.0,0.0,0.0,0.0,0.0,0.0","0.0,0.0,0.0,0.0,0.0,0.0,0.0,0.0,0.0,0.0,0.0,0.0,0.0,0.0,0.0,0.0","0.0,0.0,0.0,1.0,0.0,0.0,0.0,0.0,0.0,0.0,0.0,1.0,0.0,0.0,0.0,0.0","1.0,0.0,0.0,1.0,1.0,1.0,1.0,0.0,1.0,1.0,1.0,1.0,0.0,0.0,0.0,1.0","0.0,0.0,0.0,0.0,0.0,0.0,0.0,0.0,0.0,0.0,0.0,0.0,0.0,0.0,0.0,0.0","0.0,0.0,0.0,0.0,0.0,0.0,0.0,0.0,0.0,0.0,0.0,0.0,0.0,0.0,0.0,0.0","0.0,0.0,0.0,0.0,0.0,0.0,0.0,0.0,0.0,0.0,0.0,0.0,0.0,0.0,0.0,0.0","0.0,0.0,0.0,0.0,0.0,0.0,0.0,0.0,0.0,0.0,0.0,0.0,0.0,0.0,0.0,0.0","1,0,0,1,1,1,1,1,1,1,1,1,1,1,1,1"
7,Greenland,"SE Perkins-Kirkpatrick, SC Lewis - Nature communications, 2020 - nature.com,JJ Hess, S Lm, K Knowlton, S Saha, P Dutta… - … of environmental and …, 2018 - hindawi.com,IJ Dwyer, SJE Barry, I Megiddo, CJ White - International journal of …, 2022 - Springer","Increasing trends in regional heatwaves,Building resilience to climate change: pilot evaluation of the impact of India's first heat action plan on all-cause mortality,Evaluations of heat action plans for reducing the health impacts of extreme heat: methodological developments (2012–2021) and remaining challenges","SE Perkins-Kirkpatrick, SC Lewis - Nature communications, 2020 - nature.com,JJ Hess, S Lm, K Knowlton, S Saha, P Dutta… - … of environmental and …, 2018 - hindawi.com,IJ Dwyer, SJE Barry, I Megiddo, CJ White - International journal of …, 2022 - Springer","SE Perkins-Kirkpatrick, SC Lewis - Nature communications, 2020 - nature.com,JJ Hess, S Lm, K Knowlton, S Saha, P Dutta… - … of environmental and …, 2018 - hindawi.com,IJ Dwyer, SJE Barry, I Megiddo, CJ White - International journal of …, 2022 - Springer","[HTML] nature.comFull View,[HTML] hindawi.com,[HTML] springer.com","https://www.nature.com/articles/s41467-020-16970-7,https://www.hindawi.com/journals/jeph/2018/7973519/abs/,https://link.springer.com/article/10.1007/s00484-022-02326-x","Academic Journal,Academic Journal,Academic Journal","… temperature dataset and key heatwave metrics, we systematically examine regional and 
global observed heatwave trends. In almost all regions, heatwave frequency demonstrates the …,… In low- and middle-income countries, there are very few heat action plans and there is a lack 
of … Our results indicate that that heat action plans may be effective in protecting vulnerable …,… In this study, we collated evaluations of heat-health action plans that assessed their 
effectiveness in reducing the adverse health outcomes of hot weather extremes. We examined 11 …","1.0,1.0,1.0","1.0,1.0,1.0","0.0,0.0,0.0","0.0,0.0,0.0","0.0,0.0,0.0","0.0,1.0,0.0","0.0,1.0,1.0","0.0,0.0,0.0","0.0,0.0,0.0","0.0,0.0,0.0","0.0,0.0,0.0","1,1,1"
8,Hong Kong,"A Casanueva, A Burgstall, S Kotlarski… - … and public health, 2019 - mdpi.com,A Casanueva, A Burgstall, S Kotlarski… - International journal of …, 2019 - mdpi.com,A Casanueva, A Burgstall, S Kotlarski… - International journal of …, 2019 - mdpi.com,Y Chae, J Park - … Journal of Environmental Research and Public Health, 2021 - mdpi.com,A Casanueva, A Burgstall, S Kotlarski… - International journal of …, 2019 - mdpi.com,HC Ho, K Lau, C Ren, D Wang - Environmental Science and Pollution …, 2022 - Springer,JJ Hess, S Lm, K Knowlton, S Saha, P Dutta… - … of environmental and …, 2018 - hindawi.com","Overview of existing heat-health warning systems in Europe,Overview of existing heat-health warning systems in Europe,Overview of existing heat-health warning systems in Europe,Analysis on effectiveness of impact based heatwave warning considering severity and likelihood of health impacts in Seoul, Korea,Overview of existing heat-health warning systems in Europe,Systematic identification of heat events associated with emergency admissions to enhance the heat-health action plan in a subtropical city: a data-driven approach,Building resilience to climate change: pilot evaluation of the impact of India's first heat action plan on all-cause mortality","A Casanueva, A Burgstall, S Kotlarski… - … and public health, 2019 - mdpi.com,A Casanueva, A Burgstall, S Kotlarski… - International journal of …, 2019 - mdpi.com,A Casanueva, A Burgstall, S Kotlarski… - International journal of …, 2019 - mdpi.com,Y Chae, J Park - … Journal of Environmental Research and Public Health, 2021 - mdpi.com,A Casanueva, A Burgstall, S Kotlarski… - International journal of …, 2019 - mdpi.com,HC Ho, K Lau, C Ren, D Wang - Environmental Science and Pollution …, 2022 - Springer,JJ Hess, S Lm, K Knowlton, S Saha, P Dutta… - … of environmental and …, 2018 - hindawi.com","A Casanueva, A Burgstall, S Kotlarski… - … and public health, 2019 - mdpi.com,A Casanueva, A Burgstall, S Kotlarski… - International journal of …, 2019 - mdpi.com,A Casanueva, A Burgstall, S Kotlarski… - International journal of …, 2019 - mdpi.com,Y Chae, J Park - … Journal of Environmental Research and Public Health, 2021 - mdpi.com,A Casanueva, A Burgstall, S Kotlarski… - International journal of …, 2019 - mdpi.com,HC Ho, K Lau, C Ren, D Wang - Environmental Science and Pollution …, 2022 - Springer,JJ Hess, S Lm, K Knowlton, S Saha, P Dutta… - … of environmental and …, 2018 - hindawi.com","[PDF] mdpi.com,[PDF] mdpi.com,[PDF] mdpi.com,[PDF] mdpi.com,[PDF] mdpi.com,[PDF] cuhk.edu.hk,[HTML] hindawi.com","https://www.mdpi.com/1660-4601/16/15/2657,https://www.mdpi.com/1660-4601/16/15/2657,https://www.mdpi.com/1660-4601/16/15/2657,https://www.mdpi.com/1660-4601/18/5/2380,https://www.mdpi.com/1660-4601/16/15/2657,https://link.springer.com/article/10.1007/s11356-022-21963-8,https://www.hindawi.com/journals/jeph/2018/7973519/abs/","Academic Journal,Academic Journal,Academic Journal,Academic Journal,Academic Journal,Academic Journal,Academic Journal","… European heat-health warning systems and heat-health action … heat-health warning systems, 
such as the one currently under development in the framework of the Horizon 2020 HEAT-…,… Here we present a state-of-the-art review of HHWSs and heat-health action plans (HHAPs) 
of 16 countries, based on existing literature, web research and direct contact to National …,… development of heat-health warning systems and action plans … of 16 European heat-health 
warning systems and heat-health … the way for future heat-health warning systems, such as the …,… Some studies have shown that excess mortality from heat waves in London increased 
dramatically at about 19 C [30,31]. Emergency department visits (2011~2013) in Shanghai, China …,… , describes the heat early warning and heat action for … early warning system and inter-agency 
coordination, (3) capacity building among health care professionals and (4) reducing heat …,… Reduction (UNDRR), a heat-health action plan should address various impacts of hazards 
… ) in Hong Kong in order to enhance the heat-health action plan. Immediate, short-term, and …,… In low- and middle-income countries, there are very few heat action plans and there is a lack 
of … Our results indicate that that heat action plans may be effective in protecting vulnerable …","1.0,1.0,1.0,1.0,1.0,1.0,1.0","1.0,1.0,1.0,1.0,1.0,1.0,1.0","0.0,0.0,0.0,0.0,0.0,0.0,0.0","0.0,0.0,0.0,0.0,0.0,0.0,0.0","0.0,0.0,0.0,0.0,0.0,0.0,0.0","0.0,0.0,0.0,0.0,0.0,0.0,1.0","1.0,1.0,1.0,0.0,1.0,1.0,1.0","0.0,0.0,0.0,0.0,0.0,0.0,0.0","0.0,0.0,0.0,0.0,0.0,1.0,0.0","0.0,0.0,0.0,0.0,0.0,0.0,0.0","0.0,0.0,0.0,0.0,0.0,0.0,0.0","1,1,1,1,1,0,1"
9,Iceland,"SE Perkins-Kirkpatrick, SC Lewis - Nature communications, 2020 - nature.com",Increasing trends in regional heatwaves,"SE Perkins-Kirkpatrick, SC Lewis - Nature communications, 2020 - nature.com","SE Perkins-Kirkpatrick, SC Lewis - Nature communications, 2020 - nature.com",[HTML] nature.comFull View,https://www.nature.com/articles/s41467-020-16970-7,Academic Journal,"… temperature dataset and key heatwave metrics, we systematically examine regional and 
global observed heatwave trends. In almost all regions, heatwave frequency demonstrates the …",1,1,0,0,0,0,0,0,0,0,0,1
10,Indonesia,"nan,nan,nan,SE Perkins-Kirkpatrick, SC Lewis - Nature communications, 2020 - nature.com,nan","nan,nan,nan,Increasing trends in regional heatwaves,nan","nan,nan,nan,SE Perkins-Kirkpatrick, SC Lewis - Nature communications, 2020 - nature.com,nan","nan,nan,nan,SE Perkins-Kirkpatrick, SC Lewis - Nature communications, 2020 - nature.com,nan","nan,nan,nan,[HTML] nature.comFull View,nan","https://en.wikipedia.org/wiki/Heat_wave%23Other_impacts&amp;sa=U&amp;ved=2ahUKEwifndOr0NSBAxXQrZUCHegXCwsQ0gJ6BAgKEAg&amp;usg=AOvVaw334Z6ts7_OOgnIOKCjBB_s"",https://en.wikipedia.org/wiki/Heat_wave%23Causes&amp;sa=U&amp;ved=2ahUKEwifndOr0NSBAxXQrZUCHegXCwsQ0gJ6BAgKEAY&amp;usg=AOvVaw0hA_kzKimtSIS8weSR5EFm"",https://en.wikipedia.org/wiki/Heat_wave%23Definitions&amp;sa=U&amp;ved=2ahUKEwifndOr0NSBAxXQrZUCHegXCwsQ0gJ6BAgKEAU&amp;usg=AOvVaw2-d6JISuJv7FiaIKRnTxqB"",https://www.nature.com/articles/s41467-020-16970-7,https://en.wikipedia.org/wiki/Heat_wave%23Impacts_on_human_health&amp;sa=U&amp;ved=2ahUKEwifndOr0NSBAxXQrZUCHegXCwsQ0gJ6BAgKEAc&amp;usg=AOvVaw2FlAbveXvJtCjRkBbjMVLh""","Government,Government,Government,Academic Journal,Government","nan,nan,nan,… temperature dataset and key heatwave metrics, we systematically examine regional and 
global observed heatwave trends. In almost all regions, heatwave frequency demonstrates the …,nan","1.0,1.0,1.0,1.0,1.0","1.0,1.0,1.0,1.0,1.0","0.0,0.0,0.0,0.0,0.0","0.0,0.0,0.0,0.0,0.0","0.0,0.0,0.0,0.0,0.0","0.0,0.0,0.0,0.0,0.0","0.0,0.0,0.0,0.0,0.0","0.0,0.0,0.0,0.0,0.0","0.0,0.0,0.0,0.0,0.0","0.0,0.0,0.0,0.0,0.0","0.0,0.0,0.0,0.0,0.0","1,1,1,1,1"
11,Iran,"nan,HC Çulpan, Ü Şahin, G Can - Atmosphere, 2022 - mdpi.com,nan,nan,IJ Dwyer, SJE Barry, I Megiddo, CJ White - International journal of …, 2022 - Springer,nan","nan,A Step to Develop Heat-Health Action Plan: Assessing Heat Waves' Impacts on Mortality,nan,nan,Evaluations of heat action plans for reducing the health impacts of extreme heat: methodological developments (2012–2021) and remaining challenges,nan","nan,HC Çulpan, Ü Şahin, G Can - Atmosphere, 2022 - mdpi.com,nan,nan,IJ Dwyer, SJE Barry, I Megiddo, CJ White - International journal of …, 2022 - Springer,nan","nan,HC Çulpan, Ü Şahin, G Can - Atmosphere, 2022 - mdpi.com,nan,nan,IJ Dwyer, SJE Barry, I Megiddo, CJ White - International journal of …, 2022 - Springer,nan","nan,[HTML] mdpi.com,nan,nan,[HTML] springer.com,nan","https://en.wikipedia.org/wiki/Heat_wave%23Causes&amp;sa=U&amp;ved=2ahUKEwifndOr0NSBAxXQrZUCHegXCwsQ0gJ6BAgKEAY&amp;usg=AOvVaw0hA_kzKimtSIS8weSR5EFm"",https://www.mdpi.com/2073-4433/13/12/2126,https://en.wikipedia.org/wiki/Heat_wave%23Other_impacts&amp;sa=U&amp;ved=2ahUKEwifndOr0NSBAxXQrZUCHegXCwsQ0gJ6BAgKEAg&amp;usg=AOvVaw334Z6ts7_OOgnIOKCjBB_s"",https://en.wikipedia.org/wiki/Heat_wave%23Impacts_on_human_health&amp;sa=U&amp;ved=2ahUKEwifndOr0NSBAxXQrZUCHegXCwsQ0gJ6BAgKEAc&amp;usg=AOvVaw2FlAbveXvJtCjRkBbjMVLh"",https://link.springer.com/article/10.1007/s00484-022-02326-x,https://en.wikipedia.org/wiki/Heat_wave%23Definitions&amp;sa=U&amp;ved=2ahUKEwifndOr0NSBAxXQrZUCHegXCwsQ0gJ6BAgKEAU&amp;usg=AOvVaw2-d6JISuJv7FiaIKRnTxqB""","Government,Academic Journal,Government,Government,Academic Journal,Government","nan,… the implementation of Heat-Health Action Plans, which … the health system, and improvements 
in urban planning [15]. … Therefore, there is a need for local and national action plans …,nan,nan,… In this study, we collated evaluations of heat-health action plans that assessed their 
effectiveness in reducing the adverse health outcomes of hot weather extremes. We examined 11 …,nan","1.0,1.0,1.0,1.0,1.0,1.0","1.0,1.0,1.0,1.0,1.0,1.0","0.0,0.0,0.0,0.0,0.0,0.0","0.0,0.0,0.0,0.0,0.0,0.0","0.0,0.0,0.0,0.0,0.0,0.0","0.0,0.0,0.0,0.0,0.0,0.0","0.0,1.0,0.0,0.0,1.0,0.0","0.0,0.0,0.0,0.0,0.0,0.0","0.0,0.0,0.0,0.0,0.0,0.0","0.0,0.0,0.0,0.0,0.0,0.0","0.0,0.0,0.0,0.0,0.0,0.0","1,1,1,1,1,1"
12,Israel,"nan,nan,nan,nan,D Lowe, KL Ebi, B Forsberg - … of environmental research and public health, 2011 - mdpi.com","nan,nan,nan,nan,Heatwave early warning systems and adaptation advice to reduce human health consequences of heatwaves","nan,nan,nan,nan,D Lowe, KL Ebi, B Forsberg - … of environmental research and public health, 2011 - mdpi.com","nan,nan,nan,nan,D Lowe, KL Ebi, B Forsberg - … of environmental research and public health, 2011 - mdpi.com","nan,nan,nan,nan,[PDF] mdpi.com","https://en.wikipedia.org/wiki/Heat_wave%23Impacts_on_human_health&amp;sa=U&amp;ved=2ahUKEwifndOr0NSBAxXQrZUCHegXCwsQ0gJ6BAgKEAc&amp;usg=AOvVaw2FlAbveXvJtCjRkBbjMVLh"",https://en.wikipedia.org/wiki/Heat_wave%23Causes&amp;sa=U&amp;ved=2ahUKEwifndOr0NSBAxXQrZUCHegXCwsQ0gJ6BAgKEAY&amp;usg=AOvVaw0hA_kzKimtSIS8weSR5EFm"",https://en.wikipedia.org/wiki/Heat_wave%23Definitions&amp;sa=U&amp;ved=2ahUKEwifndOr0NSBAxXQrZUCHegXCwsQ0gJ6BAgKEAU&amp;usg=AOvVaw2-d6JISuJv7FiaIKRnTxqB"",https://en.wikipedia.org/wiki/Heat_wave%23Other_impacts&amp;sa=U&amp;ved=2ahUKEwifndOr0NSBAxXQrZUCHegXCwsQ0gJ6BAgKEAg&amp;usg=AOvVaw334Z6ts7_OOgnIOKCjBB_s"",https://www.mdpi.com/1660-4601/8/12/4623","Government,Government,Government,Government,Academic Journal","nan,nan,nan,nan,… Within the notification strategies, none of the HEWS present heat health risk information in a 
… options for presenting the risks associated with heat waves. A review of statistical formats [40…","1.0,1.0,1.0,1.0,1.0","1.0,1.0,1.0,1.0,1.0","0.0,0.0,0.0,0.0,0.0","0.0,0.0,0.0,0.0,0.0","0.0,0.0,0.0,0.0,0.0","0.0,0.0,0.0,0.0,0.0","0.0,0.0,0.0,0.0,0.0","0.0,0.0,0.0,0.0,0.0","0.0,0.0,0.0,0.0,0.0","0.0,0.0,0.0,0.0,0.0","0.0,0.0,0.0,0.0,0.0","1,1,1,1,1"
13,Jordan,"M Pascal, K Laaidi, M Ledrans, E Baffert… - International journal of …, 2006 - Springer,M Pascal, K Laaidi, M Ledrans, E Baffert… - International journal of …, 2006 - Springer,M Pascal, K Laaidi, M Ledrans, E Baffert… - International journal of …, 2006 - Springer","France's heat health watch warning system,France's heat health watch warning system,France's heat health watch warning system","M Pascal, K Laaidi, M Ledrans, E Baffert… - International journal of …, 2006 - Springer,M Pascal, K Laaidi, M Ledrans, E Baffert… - International journal of …, 2006 - Springer,M Pascal, K Laaidi, M Ledrans, E Baffert… - International journal of …, 2006 - Springer","M Pascal, K Laaidi, M Ledrans, E Baffert… - International journal of …, 2006 - Springer,M Pascal, K Laaidi, M Ledrans, E Baffert… - International journal of …, 2006 - Springer,M Pascal, K Laaidi, M Ledrans, E Baffert… - International journal of …, 2006 - Springer","[PDF] academia.edu,[PDF] academia.edu,[PDF] academia.edu","https://link.springer.com/article/10.1007/s00484-005-0003-x,https://link.springer.com/article/10.1007/s00484-005-0003-x,https://link.springer.com/article/10.1007/s00484-005-0003-x","Academic Journal,Academic Journal,Academic Journal","… exhaustion with dehydration to severe heat strokes and death. Heat strokes can occur 
less than … The lag time between heat exposure and indirect health effects depends on pre-existing …,… A national action plan was set up, using this watch warning … by the set up of an Action Plan 
in Marseille, after the 1983 event, … that the activation of the action plan is not totally unjustified. …,In 2003, a Heat Health Watch Warning System was developed in France to anticipate heat 
waves that may result in a large excess of mortality. The system was developed on the basis …","1.0,1.0,1.0","1.0,1.0,1.0","0.0,0.0,0.0","0.0,0.0,0.0","0.0,0.0,0.0","0.0,0.0,0.0","0.0,0.0,0.0","0.0,0.0,0.0","0.0,0.0,0.0","0.0,0.0,0.0","0.0,0.0,0.0","1,1,1"
14,Laos,"PA Stott, DA Stone, MR Allen - Nature, 2004 - nature.com,PA Stott, DA Stone, MR Allen - Nature, 2004 - nature.com,PA Stott, DA Stone, MR Allen - Nature, 2004 - nature.com","Human contribution to the European heatwave of 2003,Human contribution to the European heatwave of 2003,Human contribution to the European heatwave of 2003","PA Stott, DA Stone, MR Allen - Nature, 2004 - nature.com,PA Stott, DA Stone, MR Allen - Nature, 2004 - nature.com,PA Stott, DA Stone, MR Allen - Nature, 2004 - nature.com","PA Stott, DA Stone, MR Allen - Nature, 2004 - nature.com,PA Stott, DA Stone, MR Allen - Nature, 2004 - nature.com,PA Stott, DA Stone, MR Allen - Nature, 2004 - nature.com","[PDF] grandkidzfuture.com,[PDF] grandkidzfuture.com,[PDF] grandkidzfuture.com","https://www.nature.com/articles/nature03089,https://www.nature.com/articles/nature03089,https://www.nature.com/articles/nature03089","Academic Journal,Academic Journal,Academic Journal","… It is an ill-posed question whether the 2003 heatwave was … the risk of the occurrence of such 
a heatwave 6 , 7 , 8 . Here we … the risk of a heatwave exceeding this threshold magnitude. …,… We may have underestimated the FAR of a heatwave in 2003 by … Given the effects of the 
2003 heatwave, this suggests a … The 2003 heat wave in Europe: A shape of things to come? …,… We may have underestimated the FAR of a heatwave in 2003 by … Given the effects of the 
2003 heatwave, this suggests a … The 2003 heat wave in Europe: A shape of things to come? …","1.0,1.0,1.0","1.0,1.0,1.0","0.0,0.0,0.0","0.0,0.0,0.0","0.0,0.0,0.0","0.0,0.0,0.0","0.0,0.0,0.0","0.0,0.0,0.0","0.0,0.0,0.0","0.0,0.0,0.0","0.0,0.0,0.0","1,1,1"
15,Lithuania,"D Lowe, KL Ebi, B Forsberg - … of environmental research and public health, 2011 - mdpi.com",Heatwave early warning systems and adaptation advice to reduce human health consequences of heatwaves,"D Lowe, KL Ebi, B Forsberg - … of environmental research and public health, 2011 - mdpi.com","D Lowe, KL Ebi, B Forsberg - … of environmental research and public health, 2011 - mdpi.com",[PDF] mdpi.com,https://www.mdpi.com/1660-4601/8/12/4623,Academic Journal,"… Within the notification strategies, none of the HEWS present heat health risk information in a 
… options for presenting the risks associated with heat waves. A review of statistical formats [40…",1,1,0,0,0,0,0,0,0,0,0,1
16,Luxembourg,"D Lowe, KL Ebi, B Forsberg - … of environmental research and public health, 2011 - mdpi.com,nan,nan,nan,nan","Heatwave early warning systems and adaptation advice to reduce human health consequences of heatwaves,nan,nan,nan,nan","D Lowe, KL Ebi, B Forsberg - … of environmental research and public health, 2011 - mdpi.com,nan,nan,nan,nan","D Lowe, KL Ebi, B Forsberg - … of environmental research and public health, 2011 - mdpi.com,nan,nan,nan,nan","[PDF] mdpi.com,nan,nan,nan,nan","https://www.mdpi.com/1660-4601/8/12/4623,https://en.wikipedia.org/wiki/Heat_wave%23Impacts_on_human_health&amp;sa=U&amp;ved=2ahUKEwifndOr0NSBAxXQrZUCHegXCwsQ0gJ6BAgKEAc&amp;usg=AOvVaw2FlAbveXvJtCjRkBbjMVLh"",https://en.wikipedia.org/wiki/Heat_wave%23Causes&amp;sa=U&amp;ved=2ahUKEwifndOr0NSBAxXQrZUCHegXCwsQ0gJ6BAgKEAY&amp;usg=AOvVaw0hA_kzKimtSIS8weSR5EFm"",https://en.wikipedia.org/wiki/Heat_wave%23Other_impacts&amp;sa=U&amp;ved=2ahUKEwifndOr0NSBAxXQrZUCHegXCwsQ0gJ6BAgKEAg&amp;usg=AOvVaw334Z6ts7_OOgnIOKCjBB_s"",https://en.wikipedia.org/wiki/Heat_wave%23Definitions&amp;sa=U&amp;ved=2ahUKEwifndOr0NSBAxXQrZUCHegXCwsQ0gJ6BAgKEAU&amp;usg=AOvVaw2-d6JISuJv7FiaIKRnTxqB""","Academic Journal,Government,Government,Government,Government","… Within the notification strategies, none of the HEWS present heat health risk information in a 
… options for presenting the risks associated with heat waves. A review of statistical formats [40…,nan,nan,nan,nan","1.0,1.0,1.0,1.0,1.0","1.0,1.0,1.0,1.0,1.0","0.0,0.0,0.0,0.0,0.0","0.0,0.0,0.0,0.0,0.0","0.0,0.0,0.0,0.0,0.0","0.0,0.0,0.0,0.0,0.0","0.0,0.0,0.0,0.0,0.0","0.0,0.0,0.0,0.0,0.0","0.0,0.0,0.0,0.0,0.0","0.0,0.0,0.0,0.0,0.0","0.0,0.0,0.0,0.0,0.0","1,1,1,1,1"
17,Nepal,"A Nori-Sarma, T Benmarhnia, A Rajiva… - … and public health, 2019 - mdpi.com",Advancing our understanding of heat wave criteria and associated health impacts to improve heat wave alerts in developing country settings,"A Nori-Sarma, T Benmarhnia, A Rajiva… - … and public health, 2019 - mdpi.com","A Nori-Sarma, T Benmarhnia, A Rajiva… - … and public health, 2019 - mdpi.com",[PDF] mdpi.com,https://www.mdpi.com/1660-4601/16/12/2089,Academic Journal,"… can inform policy on heat wave alerts to maximize the public health impact while minimizing 
… during heat wave alerts; this may avoid saturating the public with heat wave warnings, which …",1,1,0,0,0,0,1,0,0,0,0,1
18,New Zealand,"IJ Dwyer, SJE Barry, I Megiddo, CJ White - International journal of …, 2022 - Springer,LS Kalkstein, SC Sheridan, AJ Kalkstein - Biometeorology for adaptation …, 2009 - Springer","Evaluations of heat action plans for reducing the health impacts of extreme heat: methodological developments (2012–2021) and remaining challenges,Heat/health warning systems: development, implementation, and intervention activities","IJ Dwyer, SJE Barry, I Megiddo, CJ White - International journal of …, 2022 - Springer,LS Kalkstein, SC Sheridan, AJ Kalkstein - Biometeorology for adaptation …, 2009 - Springer","IJ Dwyer, SJE Barry, I Megiddo, CJ White - International journal of …, 2022 - Springer,LS Kalkstein, SC Sheridan, AJ Kalkstein - Biometeorology for adaptation …, 2009 - Springer","[HTML] springer.com,[PDF] researchgate.net","https://link.springer.com/article/10.1007/s00484-022-02326-x,https://link.springer.com/chapter/10.1007/978-1-4020-8921-3_3","Academic Journal,Academic Journal","… In this study, we collated evaluations of heat-health action plans that assessed their 
effectiveness in reducing the adverse health outcomes of hot weather extremes. We examined 11 …,… Kalkstein, LS, 2002: Description of our heat/health watch warning systems: their nature and 
… Kalkstein, LS, 2006: Heat and health: methodological considerations for warning system …","1.0,1.0","1.0,1.0","0.0,0.0","0.0,0.0","0.0,0.0","0.0,0.0","1.0,0.0","0.0,0.0","0.0,0.0","0.0,0.0","0.0,0.0","1,1"
19,Oman,"…, Ahmedabad Heat and Climate Study Group - International journal of …, 2014 - mdpi.com,M Li, S Gu, P Bi, J Yang, Q Liu - … research and public health, 2015 - mdpi.com,nan,J Tan, Y Zheng, G Song, LS Kalkstein… - International journal of …, 2007 - Springer,JR Nairn, RJB Fawcett - … journal of environmental research and public …, 2015 - mdpi.com,Y Chae, J Park - … Journal of Environmental Research and Public Health, 2021 - mdpi.com,J Tan, Y Zheng, G Song, LS Kalkstein… - International journal of …, 2007 - Springer,MA Coleman, AJP Minne, S Vranken, T Wernberg - Scientific reports, 2020 - nature.com,D Lowe, KL Ebi, B Forsberg - … of environmental research and public health, 2011 - mdpi.com,A Nori-Sarma, T Benmarhnia, A Rajiva… - … and public health, 2019 - mdpi.com,HC Çulpan, Ü Şahin, G Can - Atmosphere, 2022 - mdpi.com,A Matzarakis, G Laschewski, S Muthers - Atmosphere, 2020 - mdpi.com,K Knowlton, SP Kulkarni, GS Azhar… - International journal of …, 2014 - mdpi.com,R Lowe, M García-Díez, J Ballester, J Creswick… - International journal of …, 2016 - mdpi.com,A Casanueva, A Burgstall, S Kotlarski… - International journal of …, 2019 - mdpi.com,nan,A Casanueva, A Burgstall, S Kotlarski… - International journal of …, 2019 - mdpi.com,nan,nan,M Morabito, A Messeri, P Noti, A Casanueva… - International journal of …, 2019 - mdpi.com,A Casanueva, A Burgstall, S Kotlarski… - International journal of …, 2019 - mdpi.com,SJ Barbeaux, K Holsman, S Zador - Frontiers in Marine Science, 2020 - frontiersin.org,A Casanueva, A Burgstall, S Kotlarski… - … and public health, 2019 - mdpi.com,A Matzarakis, G Laschewski, S Muthers - Atmosphere, 2020 - mdpi.com","Development and implementation of South Asia's first heat-health action plan in Ahmedabad (Gujarat, India),Heat waves and morbidity: current knowledge and further direction-a comprehensive literature review,nan,Heat wave impacts on mortality in Shanghai, 1998 and 2003,The excess heat factor: a metric for heatwave intensity and its use in classifying heatwave severity,Analysis on effectiveness of impact based heatwave warning considering severity and likelihood of health impacts in Seoul, Korea,Heat wave impacts on mortality in Shanghai, 1998 and 2003,Genetic tropicalisation following a marine heatwave,Heatwave early warning systems and adaptation advice to reduce human health consequences of heatwaves,Advancing our understanding of heat wave criteria and associated health impacts to improve heat wave alerts in developing country settings,A Step to Develop Heat-Health Action Plan: Assessing Heat Waves' Impacts on Mortality,The heat health warning system in Germany—Application and warnings for 2005 to 2019,Development and implementation of South Asia's first heat-health action plan in Ahmedabad (Gujarat, India),Evaluation of an early-warning system for heat wave-related mortality in Europe: Implications for sub-seasonal to seasonal forecasting and climate services,Overview of existing heat-health warning systems in Europe,nan,Overview of existing heat-health warning systems in Europe,nan,nan,An occupational heat–health warning system for Europe: the HEAT-SHIELD platform,Overview of existing heat-health warning systems in Europe,Marine heatwave stress test of ecosystem-based fisheries management in the Gulf of Alaska Pacific cod fishery,Overview of existing heat-health warning systems in Europe,The heat health warning system in Germany—Application and warnings for 2005 to 2019","…, Ahmedabad Heat and Climate Study Group - International journal of …, 2014 - mdpi.com,M Li, S Gu, P Bi, J Yang, Q Liu - … research and public health, 2015 - mdpi.com,nan,J Tan, Y Zheng, G Song, LS Kalkstein… - International journal of …, 2007 - Springer,JR Nairn, RJB Fawcett - … journal of environmental research and public …, 2015 - mdpi.com,Y Chae, J Park - … Journal of Environmental Research and Public Health, 2021 - mdpi.com,J Tan, Y Zheng, G Song, LS Kalkstein… - International journal of …, 2007 - Springer,MA Coleman, AJP Minne, S Vranken, T Wernberg - Scientific reports, 2020 - nature.com,D Lowe, KL Ebi, B Forsberg - … of environmental research and public health, 2011 - mdpi.com,A Nori-Sarma, T Benmarhnia, A Rajiva… - … and public health, 2019 - mdpi.com,HC Çulpan, Ü Şahin, G Can - Atmosphere, 2022 - mdpi.com,A Matzarakis, G Laschewski, S Muthers - Atmosphere, 2020 - mdpi.com,K Knowlton, SP Kulkarni, GS Azhar… - International journal of …, 2014 - mdpi.com,R Lowe, M García-Díez, J Ballester, J Creswick… - International journal of …, 2016 - mdpi.com,A Casanueva, A Burgstall, S Kotlarski… - International journal of …, 2019 - mdpi.com,nan,A Casanueva, A Burgstall, S Kotlarski… - International journal of …, 2019 - mdpi.com,nan,nan,M Morabito, A Messeri, P Noti, A Casanueva… - International journal of …, 2019 - mdpi.com,A Casanueva, A Burgstall, S Kotlarski… - International journal of …, 2019 - mdpi.com,SJ Barbeaux, K Holsman, S Zador - Frontiers in Marine Science, 2020 - frontiersin.org,A Casanueva, A Burgstall, S Kotlarski… - … and public health, 2019 - mdpi.com,A Matzarakis, G Laschewski, S Muthers - Atmosphere, 2020 - mdpi.com","…, Ahmedabad Heat and Climate Study Group - International journal of …, 2014 - mdpi.com,M Li, S Gu, P Bi, J Yang, Q Liu - … research and public health, 2015 - mdpi.com,nan,J Tan, Y Zheng, G Song, LS Kalkstein… - International journal of …, 2007 - Springer,JR Nairn, RJB Fawcett - … journal of environmental research and public …, 2015 - mdpi.com,Y Chae, J Park - … Journal of Environmental Research and Public Health, 2021 - mdpi.com,J Tan, Y Zheng, G Song, LS Kalkstein… - International journal of …, 2007 - Springer,MA Coleman, AJP Minne, S Vranken, T Wernberg - Scientific reports, 2020 - nature.com,D Lowe, KL Ebi, B Forsberg - … of environmental research and public health, 2011 - mdpi.com,A Nori-Sarma, T Benmarhnia, A Rajiva… - … and public health, 2019 - mdpi.com,HC Çulpan, Ü Şahin, G Can - Atmosphere, 2022 - mdpi.com,A Matzarakis, G Laschewski, S Muthers - Atmosphere, 2020 - mdpi.com,K Knowlton, SP Kulkarni, GS Azhar… - International journal of …, 2014 - mdpi.com,R Lowe, M García-Díez, J Ballester, J Creswick… - International journal of …, 2016 - mdpi.com,A Casanueva, A Burgstall, S Kotlarski… - International journal of …, 2019 - mdpi.com,nan,A Casanueva, A Burgstall, S Kotlarski… - International journal of …, 2019 - mdpi.com,nan,nan,M Morabito, A Messeri, P Noti, A Casanueva… - International journal of …, 2019 - mdpi.com,A Casanueva, A Burgstall, S Kotlarski… - International journal of …, 2019 - mdpi.com,SJ Barbeaux, K Holsman, S Zador - Frontiers in Marine Science, 2020 - frontiersin.org,A Casanueva, A Burgstall, S Kotlarski… - … and public health, 2019 - mdpi.com,A Matzarakis, G Laschewski, S Muthers - Atmosphere, 2020 - mdpi.com","[HTML] mdpi.com,[PDF] mdpi.com,nan,[PDF] researchgate.net,[PDF] mdpi.com,[PDF] mdpi.com,[PDF] researchgate.net,[HTML] nature.com,[PDF] mdpi.com,[PDF] mdpi.com,[HTML] mdpi.com,[PDF] mdpi.com,[HTML] mdpi.com,[PDF] mdpi.com,[PDF] mdpi.com,nan,[PDF] mdpi.com,nan,nan,[PDF] mdpi.com,[PDF] mdpi.com,[HTML] frontiersin.org,[PDF] mdpi.com,[PDF] mdpi.com","https://www.mdpi.com/1660-4601/11/4/3473,https://www.mdpi.com/1660-4601/12/5/5256,https://en.wikipedia.org/wiki/Heat_wave%23Other_impacts&amp;sa=U&amp;ved=2ahUKEwifndOr0NSBAxXQrZUCHegXCwsQ0gJ6BAgKEAg&amp;usg=AOvVaw334Z6ts7_OOgnIOKCjBB_s"",https://link.springer.com/article/10.1007/s00484-006-0058-3,https://www.mdpi.com/1660-4601/12/1/227,https://www.mdpi.com/1660-4601/18/5/2380,https://link.springer.com/article/10.1007/s00484-006-0058-3,https://www.nature.com/articles/s41598-020-69665-w,https://www.mdpi.com/1660-4601/8/12/4623,https://www.mdpi.com/1660-4601/16/12/2089,https://www.mdpi.com/2073-4433/13/12/2126,https://www.mdpi.com/2073-4433/11/2/170,https://www.mdpi.com/1660-4601/11/4/3473,https://www.mdpi.com/1660-4601/13/2/206,https://www.mdpi.com/1660-4601/16/15/2657,https://en.wikipedia.org/wiki/Heat_wave%23Impacts_on_human_health&amp;sa=U&amp;ved=2ahUKEwifndOr0NSBAxXQrZUCHegXCwsQ0gJ6BAgKEAc&amp;usg=AOvVaw2FlAbveXvJtCjRkBbjMVLh"",https://www.mdpi.com/1660-4601/16/15/2657,https://en.wikipedia.org/wiki/Heat_wave%23Causes&amp;sa=U&amp;ved=2ahUKEwifndOr0NSBAxXQrZUCHegXCwsQ0gJ6BAgKEAY&amp;usg=AOvVaw0hA_kzKimtSIS8weSR5EFm"",https://en.wikipedia.org/wiki/Heat_wave%23Definitions&amp;sa=U&amp;ved=2ahUKEwifndOr0NSBAxXQrZUCHegXCwsQ0gJ6BAgKEAU&amp;usg=AOvVaw2-d6JISuJv7FiaIKRnTxqB"",https://www.mdpi.com/1660-4601/16/16/2890,https://www.mdpi.com/1660-4601/16/15/2657,https://www.frontiersin.org/articles/10.3389/fmars.2020.00703/full,https://www.mdpi.com/1660-4601/16/15/2657,https://www.mdpi.com/2073-4433/11/2/170","Academic Journal,Academic Journal,Government,Academic Journal,Academic Journal,Academic Journal,Academic Journal,Academic Journal,Academic Journal,Academic Journal,Academic Journal,Academic Journal,Academic Journal,Academic Journal,Academic Journal,Government,Academic Journal,Government,Government,Academic Journal,Academic Journal,Academic Journal,Academic Journal,Academic Journal","… effort include a Heat Action Plan (HAP), and an extreme heat early warning … Heat Action 
Plan The HAP was developed as an administrative tool that would define different levels of heat …,… heat waves and the health indicators that can be used in the early warning systems to guide 
the public health … Yet there is a knowledge gap in the impact of heat waves on morbidity. In …,nan,… , heat waves both in 1998 and in 2003 all led to elevated mortality in Shanghai, China. While 
the heat waves … two years’ heat waves, and to better understand how heat impacts human …,… heatwaves threaten. Analysis and forecasts of low-intensity heatwaves would also be 
included in a heatwave … Measurement and tracking of more frequent low-intensity heatwaves …,… Some studies have shown that excess mortality from heat waves in London increased 
dramatically at about 19 C [30,31]. Emergency department visits (2011~2013) in Shanghai, China …,… , heat waves both in 1998 and in 2003 all led to elevated mortality in Shanghai, China. While 
the heat waves … two years’ heat waves, and to better understand how heat impacts human …,… -occurring seaweeds within the footprint of the heatwave that opened space for rapid local 
… the footprint of the heatwave. Thus, extreme events such as marine heatwaves not only lead …,… Within the notification strategies, none of the HEWS present heat health risk information in a 
… options for presenting the risks associated with heat waves. A review of statistical formats [40…,… can inform policy on heat wave alerts to maximize the public health impact while minimizing 
… during heat wave alerts; this may avoid saturating the public with heat wave warnings, which …,… the implementation of Heat-Health Action Plans, which … the health system, and improvements 
in urban planning [15]. … Therefore, there is a need for local and national action plans …,… and warned by means of an advanced procedure known as a “heat health warning system 
(… European countries have implemented heat health warning systems as a consequence of …,… heat action plan for Ahmedabad. Its specific objectives were: (1) to assess heat-health impacts 
… project, offer details on the first heat-health action plan implemented in a South Asian city, …,… climate-resilient health systems. A HHAP relies on early-warning systems for timely activation 
… These results are promising for the development of more localised early warning systems. …,… development of heat-health warning systems and action plans … of 16 European heat-health 
warning systems and heat-health … the way for future heat-health warning systems, such as the …,nan,… Here we present a state-of-the-art review of HHWSs and heat-health action plans (HHAPs) 
of 16 countries, based on existing literature, web research and direct contact to National …,nan,nan,… Existing heat–health warning systems focus on warning vulnerable groups in order to 
reduce mortality. However, human health and performance are affected at much lower …,… , describes the heat early warning and heat action for … early warning system and inter-agency 
coordination, (3) capacity building among health care professionals and (4) reducing heat …,… with ecosystem-based fisheries management in the context of … management system in the 
North Pacific handled this shock. We also provide suggestions on how fisheries management …,… European heat-health warning systems and heat-health action … heat-health warning systems, 
such as the one currently under development in the framework of the Horizon 2020 HEAT-…,… of an advanced procedure known as a “heat health warning system” (HHWS). It is aimed at 
… heat health warning systems as a consequence of the 2003 heat waves. Specific periods of …","1.0,1.0,1.0,1.0,1.0,1.0,1.0,1.0,1.0,1.0,1.0,0.0,1.0,1.0,1.0,1.0,1.0,1.0,1.0,1.0,1.0,1.0,1.0,0.0","1.0,1.0,1.0,1.0,1.0,1.0,1.0,1.0,1.0,1.0,1.0,1.0,1.0,1.0,1.0,1.0,1.0,1.0,1.0,1.0,1.0,1.0,1.0,1.0","0.0,0.0,0.0,0.0,0.0,0.0,0.0,0.0,0.0,0.0,0.0,0.0,0.0,0.0,0.0,0.0,0.0,0.0,0.0,0.0,0.0,0.0,0.0,0.0","0.0,0.0,0.0,0.0,0.0,0.0,0.0,0.0,0.0,0.0,0.0,0.0,0.0,0.0,0.0,0.0,0.0,0.0,0.0,0.0,0.0,0.0,0.0,0.0","0.0,0.0,0.0,0.0,0.0,0.0,0.0,0.0,0.0,0.0,0.0,0.0,0.0,0.0,0.0,0.0,0.0,0.0,0.0,0.0,0.0,0.0,0.0,0.0","1.0,0.0,0.0,0.0,0.0,0.0,0.0,0.0,0.0,0.0,0.0,0.0,1.0,0.0,0.0,0.0,0.0,0.0,0.0,0.0,0.0,0.0,0.0,0.0","1.0,0.0,0.0,0.0,0.0,0.0,0.0,0.0,0.0,1.0,1.0,0.0,1.0,1.0,1.0,0.0,1.0,0.0,0.0,1.0,1.0,0.0,1.0,0.0","0.0,0.0,0.0,0.0,0.0,0.0,0.0,0.0,0.0,0.0,0.0,0.0,0.0,0.0,0.0,0.0,0.0,0.0,0.0,0.0,0.0,0.0,0.0,0.0","0.0,0.0,0.0,0.0,0.0,0.0,0.0,0.0,0.0,0.0,0.0,0.0,0.0,0.0,0.0,0.0,0.0,0.0,0.0,0.0,0.0,0.0,0.0,0.0","0.0,0.0,0.0,0.0,0.0,0.0,0.0,0.0,0.0,0.0,0.0,0.0,0.0,0.0,0.0,0.0,0.0,0.0,0.0,0.0,0.0,0.0,0.0,0.0","0.0,0.0,0.0,0.0,0.0,0.0,0.0,0.0,0.0,0.0,0.0,0.0,0.0,0.0,0.0,0.0,0.0,0.0,0.0,0.0,0.0,0.0,0.0,0.0","1,1,1,1,1,1,1,1,1,1,1,0,1,1,1,1,1,1,1,1,1,1,1,0"
20,Pakistan,"nan,A Nori-Sarma, T Benmarhnia, A Rajiva… - … and public health, 2019 - mdpi.com,nan,nan,K Knowlton, SP Kulkarni, GS Azhar… - International journal of …, 2014 - mdpi.com,nan,HC Çulpan, Ü Şahin, G Can - Atmosphere, 2022 - mdpi.com,…, Ahmedabad Heat and Climate Study Group - International journal of …, 2014 - mdpi.com","nan,Advancing our understanding of heat wave criteria and associated health impacts to improve heat wave alerts in developing country settings,nan,nan,Development and implementation of South Asia's first heat-health action plan in Ahmedabad (Gujarat, India),nan,A Step to Develop Heat-Health Action Plan: Assessing Heat Waves' Impacts on Mortality,Development and implementation of South Asia's first heat-health action plan in Ahmedabad (Gujarat, India)","nan,A Nori-Sarma, T Benmarhnia, A Rajiva… - … and public health, 2019 - mdpi.com,nan,nan,K Knowlton, SP Kulkarni, GS Azhar… - International journal of …, 2014 - mdpi.com,nan,HC Çulpan, Ü Şahin, G Can - Atmosphere, 2022 - mdpi.com,…, Ahmedabad Heat and Climate Study Group - International journal of …, 2014 - mdpi.com","nan,A Nori-Sarma, T Benmarhnia, A Rajiva… - … and public health, 2019 - mdpi.com,nan,nan,K Knowlton, SP Kulkarni, GS Azhar… - International journal of …, 2014 - mdpi.com,nan,HC Çulpan, Ü Şahin, G Can - Atmosphere, 2022 - mdpi.com,…, Ahmedabad Heat and Climate Study Group - International journal of …, 2014 - mdpi.com","nan,[PDF] mdpi.com,nan,nan,[HTML] mdpi.com,nan,[HTML] mdpi.com,[HTML] mdpi.com","https://en.wikipedia.org/wiki/Heat_wave%23Impacts_on_human_health&amp;sa=U&amp;ved=2ahUKEwifndOr0NSBAxXQrZUCHegXCwsQ0gJ6BAgKEAc&amp;usg=AOvVaw2FlAbveXvJtCjRkBbjMVLh"",https://www.mdpi.com/1660-4601/16/12/2089,https://en.wikipedia.org/wiki/Heat_wave%23Causes&amp;sa=U&amp;ved=2ahUKEwifndOr0NSBAxXQrZUCHegXCwsQ0gJ6BAgKEAY&amp;usg=AOvVaw0hA_kzKimtSIS8weSR5EFm"",https://en.wikipedia.org/wiki/Heat_wave%23Definitions&amp;sa=U&amp;ved=2ahUKEwifndOr0NSBAxXQrZUCHegXCwsQ0gJ6BAgKEAU&amp;usg=AOvVaw2-d6JISuJv7FiaIKRnTxqB"",https://www.mdpi.com/1660-4601/11/4/3473,https://en.wikipedia.org/wiki/Heat_wave%23Other_impacts&amp;sa=U&amp;ved=2ahUKEwifndOr0NSBAxXQrZUCHegXCwsQ0gJ6BAgKEAg&amp;usg=AOvVaw334Z6ts7_OOgnIOKCjBB_s"",https://www.mdpi.com/2073-4433/13/12/2126,https://www.mdpi.com/1660-4601/11/4/3473","Government,Academic Journal,Government,Government,Academic Journal,Government,Academic Journal,Academic Journal","nan,… can inform policy on heat wave alerts to maximize the public health impact while minimizing 
… during heat wave alerts; this may avoid saturating the public with heat wave warnings, which …,nan,nan,… heat action plan for Ahmedabad. Its specific objectives were: (1) to assess heat-health impacts 
… project, offer details on the first heat-health action plan implemented in a South Asian city, …,nan,… the implementation of Heat-Health Action Plans, which … the health system, and improvements 
in urban planning [15]. … Therefore, there is a need for local and national action plans …,… effort include a Heat Action Plan (HAP), and an extreme heat early warning … Heat Action 
Plan The HAP was developed as an administrative tool that would define different levels of heat …","1.0,1.0,1.0,1.0,1.0,1.0,1.0,1.0","1.0,1.0,1.0,1.0,1.0,1.0,1.0,1.0","0.0,0.0,0.0,0.0,0.0,0.0,0.0,0.0","0.0,0.0,0.0,0.0,0.0,0.0,0.0,0.0","0.0,0.0,0.0,0.0,0.0,0.0,0.0,0.0","0.0,0.0,0.0,0.0,1.0,0.0,0.0,1.0","0.0,1.0,0.0,0.0,1.0,0.0,1.0,1.0","0.0,0.0,0.0,0.0,0.0,0.0,0.0,0.0","0.0,0.0,0.0,0.0,0.0,0.0,0.0,0.0","0.0,0.0,0.0,0.0,0.0,0.0,0.0,0.0","0.0,0.0,0.0,0.0,0.0,0.0,0.0,0.0","1,1,1,1,1,1,1,1"
21,Panama,"D Lowe, KL Ebi, B Forsberg - … of environmental research and public health, 2011 - mdpi.com",Heatwave early warning systems and adaptation advice to reduce human health consequences of heatwaves,"D Lowe, KL Ebi, B Forsberg - … of environmental research and public health, 2011 - mdpi.com","D Lowe, KL Ebi, B Forsberg - … of environmental research and public health, 2011 - mdpi.com",[PDF] mdpi.com,https://www.mdpi.com/1660-4601/8/12/4623,Academic Journal,"… Within the notification strategies, none of the HEWS present heat health risk information in a 
… options for presenting the risks associated with heat waves. A review of statistical formats [40…",1,1,0,0,0,0,0,0,0,0,0,1
22,Philippines,nan,nan,nan,nan,nan,"https://pubmed.ncbi.nlm.nih.gov/35779622/&amp;sa=U&amp;ved=2ahUKEwiosJqv0NSBAxWfuZUCHdBeAuoQFnoECAkQAg&amp;usg=AOvVaw3ePdaUqfkBWcKFQAa7W6E6""",Government,nan,0,1,0,0,0,0,1,0,0,0,0,1
23,Portugal,"nan,nan,IJ Dwyer, SJE Barry, I Megiddo, CJ White - International journal of …, 2022 - Springer,A Casanueva, A Burgstall, S Kotlarski… - … and public health, 2019 - mdpi.com,CJ Tomlinson, L Chapman… - … of health …, 2011 - ij-healthgeographics.biomedcentral …,nan,A Casanueva, A Burgstall, S Kotlarski… - International journal of …, 2019 - mdpi.com,A Casanueva, A Burgstall, S Kotlarski… - International journal of …, 2019 - mdpi.com,nan,A Matzarakis, G Laschewski, S Muthers - Atmosphere, 2020 - mdpi.com,A Casanueva, A Burgstall, S Kotlarski… - International journal of …, 2019 - mdpi.com,A Matzarakis, G Laschewski, S Muthers - Atmosphere, 2020 - mdpi.com,LS Kalkstein, SC Sheridan, AJ Kalkstein - Biometeorology for adaptation …, 2009 - Springer,D Lowe, KL Ebi, B Forsberg - … of environmental research and public health, 2011 - mdpi.com","nan,nan,Evaluations of heat action plans for reducing the health impacts of extreme heat: methodological developments (2012–2021) and remaining challenges,Overview of existing heat-health warning systems in Europe,Including the urban heat island in spatial heat health risk assessment strategies: a case study for Birmingham, UK,nan,Overview of existing heat-health warning systems in Europe,Overview of existing heat-health warning systems in Europe,nan,The heat health warning system in Germany—Application and warnings for 2005 to 2019,Overview of existing heat-health warning systems in Europe,The heat health warning system in Germany—Application and warnings for 2005 to 2019,Heat/health warning systems: development, implementation, and intervention activities,Heatwave early warning systems and adaptation advice to reduce human health consequences of heatwaves","nan,nan,IJ Dwyer, SJE Barry, I Megiddo, CJ White - International journal of …, 2022 - Springer,A Casanueva, A Burgstall, S Kotlarski… - … and public health, 2019 - mdpi.com,CJ Tomlinson, L Chapman… - … of health …, 2011 - ij-healthgeographics.biomedcentral …,nan,A Casanueva, A Burgstall, S Kotlarski… - International journal of …, 2019 - mdpi.com,A Casanueva, A Burgstall, S Kotlarski… - International journal of …, 2019 - mdpi.com,nan,A Matzarakis, G Laschewski, S Muthers - Atmosphere, 2020 - mdpi.com,A Casanueva, A Burgstall, S Kotlarski… - International journal of …, 2019 - mdpi.com,A Matzarakis, G Laschewski, S Muthers - Atmosphere, 2020 - mdpi.com,LS Kalkstein, SC Sheridan, AJ Kalkstein - Biometeorology for adaptation …, 2009 - Springer,D Lowe, KL Ebi, B Forsberg - … of environmental research and public health, 2011 - mdpi.com","nan,nan,IJ Dwyer, SJE Barry, I Megiddo, CJ White - International journal of …, 2022 - Springer,A Casanueva, A Burgstall, S Kotlarski… - … and public health, 2019 - mdpi.com,CJ Tomlinson, L Chapman… - … of health …, 2011 - ij-healthgeographics.biomedcentral …,nan,A Casanueva, A Burgstall, S Kotlarski… - International journal of …, 2019 - mdpi.com,A Casanueva, A Burgstall, S Kotlarski… - International journal of …, 2019 - mdpi.com,nan,A Matzarakis, G Laschewski, S Muthers - Atmosphere, 2020 - mdpi.com,A Casanueva, A Burgstall, S Kotlarski… - International journal of …, 2019 - mdpi.com,A Matzarakis, G Laschewski, S Muthers - Atmosphere, 2020 - mdpi.com,LS Kalkstein, SC Sheridan, AJ Kalkstein - Biometeorology for adaptation …, 2009 - Springer,D Lowe, KL Ebi, B Forsberg - … of environmental research and public health, 2011 - mdpi.com","nan,nan,[HTML] springer.com,[PDF] mdpi.com,[HTML] biomedcentral.com,nan,[PDF] mdpi.com,[PDF] mdpi.com,nan,[PDF] mdpi.com,[PDF] mdpi.com,[PDF] mdpi.com,[PDF] researchgate.net,[PDF] mdpi.com","https://en.wikipedia.org/wiki/Heat_wave%23Definitions&amp;sa=U&amp;ved=2ahUKEwifndOr0NSBAxXQrZUCHegXCwsQ0gJ6BAgKEAU&amp;usg=AOvVaw2-d6JISuJv7FiaIKRnTxqB"",https://en.wikipedia.org/wiki/Heat_wave%23Other_impacts&amp;sa=U&amp;ved=2ahUKEwifndOr0NSBAxXQrZUCHegXCwsQ0gJ6BAgKEAg&amp;usg=AOvVaw334Z6ts7_OOgnIOKCjBB_s"",https://link.springer.com/article/10.1007/s00484-022-02326-x,https://www.mdpi.com/1660-4601/16/15/2657,https://ij-healthgeographics.biomedcentral.com/articles/10.1186/1476-072X-10-42,https://en.wikipedia.org/wiki/Heat_wave%23Impacts_on_human_health&amp;sa=U&amp;ved=2ahUKEwifndOr0NSBAxXQrZUCHegXCwsQ0gJ6BAgKEAc&amp;usg=AOvVaw2FlAbveXvJtCjRkBbjMVLh"",https://www.mdpi.com/1660-4601/16/15/2657,https://www.mdpi.com/1660-4601/16/15/2657,https://en.wikipedia.org/wiki/Heat_wave%23Causes&amp;sa=U&amp;ved=2ahUKEwifndOr0NSBAxXQrZUCHegXCwsQ0gJ6BAgKEAY&amp;usg=AOvVaw0hA_kzKimtSIS8weSR5EFm"",https://www.mdpi.com/2073-4433/11/2/170,https://www.mdpi.com/1660-4601/16/15/2657,https://www.mdpi.com/2073-4433/11/2/170,https://link.springer.com/chapter/10.1007/978-1-4020-8921-3_3,https://www.mdpi.com/1660-4601/8/12/4623","Government,Government,Academic Journal,Academic Journal,Academic Journal,Government,Academic Journal,Academic Journal,Government,Academic Journal,Academic Journal,Academic Journal,Academic Journal,Academic Journal","nan,nan,… In this study, we collated evaluations of heat-health action plans that assessed their 
effectiveness in reducing the adverse health outcomes of hot weather extremes. We examined 11 …,… European heat-health warning systems and heat-health action … heat-health warning systems, 
such as the one currently under development in the framework of the Horizon 2020 HEAT-…,… techniques [40, 41] has allowed the spatial extent of the UHI to be measured at a higher 
resolution than previously, and this paper focuses on using this data for heat health risk studies. …,nan,… , describes the heat early warning and heat action for … early warning system and inter-agency 
coordination, (3) capacity building among health care professionals and (4) reducing heat …,… Here we present a state-of-the-art review of HHWSs and heat-health action plans (HHAPs) 
of 16 countries, based on existing literature, web research and direct contact to National …,nan,… of an advanced procedure known as a “heat health warning system” (HHWS). It is aimed at 
… heat health warning systems as a consequence of the 2003 heat waves. Specific periods of …,… development of heat-health warning systems and action plans … of 16 European heat-health 
warning systems and heat-health … the way for future heat-health warning systems, such as the …,… and warned by means of an advanced procedure known as a “heat health warning system 
(… European countries have implemented heat health warning systems as a consequence of …,… Kalkstein, LS, 2002: Description of our heat/health watch warning systems: their nature and 
… Kalkstein, LS, 2006: Heat and health: methodological considerations for warning system …,… Within the notification strategies, none of the HEWS present heat health risk information in a 
… options for presenting the risks associated with heat waves. A review of statistical formats [40…","1.0,1.0,1.0,1.0,1.0,1.0,1.0,1.0,1.0,0.0,1.0,0.0,1.0,1.0","1.0,1.0,1.0,1.0,1.0,1.0,1.0,1.0,1.0,1.0,1.0,1.0,1.0,1.0","0.0,0.0,0.0,0.0,0.0,0.0,0.0,0.0,0.0,0.0,0.0,0.0,0.0,0.0","0.0,0.0,0.0,0.0,0.0,0.0,0.0,0.0,0.0,0.0,0.0,0.0,0.0,0.0","0.0,0.0,0.0,0.0,0.0,0.0,0.0,0.0,0.0,0.0,0.0,0.0,0.0,0.0","0.0,0.0,0.0,0.0,0.0,0.0,0.0,0.0,0.0,0.0,0.0,0.0,0.0,0.0","0.0,0.0,1.0,1.0,0.0,0.0,1.0,1.0,0.0,0.0,1.0,0.0,0.0,0.0","0.0,0.0,0.0,0.0,0.0,0.0,0.0,0.0,0.0,0.0,0.0,0.0,0.0,0.0","0.0,0.0,0.0,0.0,0.0,0.0,0.0,0.0,0.0,0.0,0.0,0.0,0.0,0.0","0.0,0.0,0.0,0.0,0.0,0.0,0.0,0.0,0.0,0.0,0.0,0.0,0.0,0.0","0.0,0.0,0.0,0.0,0.0,0.0,0.0,0.0,0.0,0.0,0.0,0.0,0.0,0.0","1,1,1,1,1,1,1,1,1,0,1,0,1,1"
24,Puerto Rico,nan,nan,nan,nan,nan,"https://toolkit.climate.gov/case-studies/developing-early-warning-system-prevent-heat-illness&amp;sa=U&amp;ved=2ahUKEwim9dau0NSBAxV4r5UCHWdHBvgQFnoECAYQAg&amp;usg=AOvVaw2mL_h9Q4FYWJGPB-l2LEL2""",Government,nan,0,1,0,0,0,0,0,0,0,0,0,0
25,Russia,"SE Perkins-Kirkpatrick, PB Gibson - Scientific Reports, 2017 - nature.com,SE Perkins-Kirkpatrick, SC Lewis - Nature communications, 2020 - nature.com","Changes in regional heatwave characteristics as a function of increasing global temperature,Increasing trends in regional heatwaves","SE Perkins-Kirkpatrick, PB Gibson - Scientific Reports, 2017 - nature.com,SE Perkins-Kirkpatrick, SC Lewis - Nature communications, 2020 - nature.com","SE Perkins-Kirkpatrick, PB Gibson - Scientific Reports, 2017 - nature.com,SE Perkins-Kirkpatrick, SC Lewis - Nature communications, 2020 - nature.com","[HTML] nature.com,[HTML] nature.comFull View","https://www.nature.com/articles/s41598-017-12520-2,https://www.nature.com/articles/s41467-020-16970-7","Academic Journal,Academic Journal","… up to 120 extra heatwave days/season if 5 C is reached. Increases in heatwave intensity are 
… Between warming thresholds of 1.5 C and 2.5 C, the return intervals of intense heatwaves …,… temperature dataset and key heatwave metrics, we systematically examine regional and 
global observed heatwave trends. In almost all regions, heatwave frequency demonstrates the …","1.0,1.0","1.0,1.0","0.0,0.0","0.0,0.0","0.0,0.0","0.0,0.0","0.0,0.0","0.0,0.0","0.0,0.0","0.0,0.0","0.0,0.0","1,1"
26,Samoa,nan,nan,nan,nan,nan,"https://toolkit.climate.gov/case-studies/developing-early-warning-system-prevent-heat-illness&amp;sa=U&amp;ved=2ahUKEwim9dau0NSBAxV4r5UCHWdHBvgQFnoECAYQAg&amp;usg=AOvVaw2mL_h9Q4FYWJGPB-l2LEL2""",Government,nan,0,1,0,0,0,0,0,0,0,0,0,0
27,South Korea,"Y Chae, J Park - … Journal of Environmental Research and Public Health, 2021 - mdpi.com","Analysis on effectiveness of impact based heatwave warning considering severity and likelihood of health impacts in Seoul, Korea","Y Chae, J Park - … Journal of Environmental Research and Public Health, 2021 - mdpi.com","Y Chae, J Park - … Journal of Environmental Research and Public Health, 2021 - mdpi.com",[PDF] mdpi.com,https://www.mdpi.com/1660-4601/18/5/2380,Academic Journal,"… Some studies have shown that excess mortality from heat waves in London increased 
dramatically at about 19 C [30,31]. Emergency department visits (2011~2013) in Shanghai, China …",1,1,0,0,0,0,0,0,0,0,0,1
28,Taiwan,"R Lowe, M García-Díez, J Ballester, J Creswick… - International journal of …, 2016 - mdpi.com",Evaluation of an early-warning system for heat wave-related mortality in Europe: Implications for sub-seasonal to seasonal forecasting and climate services,"R Lowe, M García-Díez, J Ballester, J Creswick… - International journal of …, 2016 - mdpi.com","R Lowe, M García-Díez, J Ballester, J Creswick… - International journal of …, 2016 - mdpi.com",[PDF] mdpi.com,https://www.mdpi.com/1660-4601/13/2/206,Academic Journal,"… climate-resilient health systems. A HHAP relies on early-warning systems for timely activation 
… These results are promising for the development of more localised early warning systems. …",1,1,0,0,0,0,1,0,0,0,0,1
29,Tanzania,"Y Chae, J Park - … Journal of Environmental Research and Public Health, 2021 - mdpi.com","Analysis on effectiveness of impact based heatwave warning considering severity and likelihood of health impacts in Seoul, Korea","Y Chae, J Park - … Journal of Environmental Research and Public Health, 2021 - mdpi.com","Y Chae, J Park - … Journal of Environmental Research and Public Health, 2021 - mdpi.com",[PDF] mdpi.com,https://www.mdpi.com/1660-4601/18/5/2380,Academic Journal,"… Some studies have shown that excess mortality from heat waves in London increased 
dramatically at about 19 C [30,31]. Emergency department visits (2011~2013) in Shanghai, China …",1,1,0,0,0,0,0,0,0,0,0,1
30,Turkey,"HC Çulpan, Ü Şahin, G Can - Atmosphere, 2022 - mdpi.com",A Step to Develop Heat-Health Action Plan: Assessing Heat Waves' Impacts on Mortality,"HC Çulpan, Ü Şahin, G Can - Atmosphere, 2022 - mdpi.com","HC Çulpan, Ü Şahin, G Can - Atmosphere, 2022 - mdpi.com",[HTML] mdpi.com,https://www.mdpi.com/2073-4433/13/12/2126,Academic Journal,"… the implementation of Heat-Health Action Plans, which … the health system, and improvements 
in urban planning [15]. … Therefore, there is a need for local and national action plans …",1,1,0,0,0,0,1,0,0,0,0,1
31,United Kingdom,"SJ Barbeaux, K Holsman, S Zador - Frontiers in Marine Science, 2020 - frontiersin.org,nan,IJ Dwyer, SJE Barry, I Megiddo, CJ White - International journal of …, 2022 - Springer,nan,SE Perkins-Kirkpatrick, SC Lewis - Nature communications, 2020 - nature.com,R Lowe, M García-Díez, J Ballester, J Creswick… - International journal of …, 2016 - mdpi.com,HC Ho, K Lau, C Ren, D Wang - Environmental Science and Pollution …, 2022 - Springer,SE Perkins-Kirkpatrick, PB Gibson - Scientific Reports, 2017 - nature.com,nan,nan,CJ Tomlinson, L Chapman… - … of health …, 2011 - ij-healthgeographics.biomedcentral …","Marine heatwave stress test of ecosystem-based fisheries management in the Gulf of Alaska Pacific cod fishery,nan,Evaluations of heat action plans for reducing the health impacts of extreme heat: methodological developments (2012–2021) and remaining challenges,nan,Increasing trends in regional heatwaves,Evaluation of an early-warning system for heat wave-related mortality in Europe: Implications for sub-seasonal to seasonal forecasting and climate services,Systematic identification of heat events associated with emergency admissions to enhance the heat-health action plan in a subtropical city: a data-driven approach,Changes in regional heatwave characteristics as a function of increasing global temperature,nan,nan,Including the urban heat island in spatial heat health risk assessment strategies: a case study for Birmingham, UK","SJ Barbeaux, K Holsman, S Zador - Frontiers in Marine Science, 2020 - frontiersin.org,nan,IJ Dwyer, SJE Barry, I Megiddo, CJ White - International journal of …, 2022 - Springer,nan,SE Perkins-Kirkpatrick, SC Lewis - Nature communications, 2020 - nature.com,R Lowe, M García-Díez, J Ballester, J Creswick… - International journal of …, 2016 - mdpi.com,HC Ho, K Lau, C Ren, D Wang - Environmental Science and Pollution …, 2022 - Springer,SE Perkins-Kirkpatrick, PB Gibson - Scientific Reports, 2017 - nature.com,nan,nan,CJ Tomlinson, L Chapman… - … of health …, 2011 - ij-healthgeographics.biomedcentral …","SJ Barbeaux, K Holsman, S Zador - Frontiers in Marine Science, 2020 - frontiersin.org,nan,IJ Dwyer, SJE Barry, I Megiddo, CJ White - International journal of …, 2022 - Springer,nan,SE Perkins-Kirkpatrick, SC Lewis - Nature communications, 2020 - nature.com,R Lowe, M García-Díez, J Ballester, J Creswick… - International journal of …, 2016 - mdpi.com,HC Ho, K Lau, C Ren, D Wang - Environmental Science and Pollution …, 2022 - Springer,SE Perkins-Kirkpatrick, PB Gibson - Scientific Reports, 2017 - nature.com,nan,nan,CJ Tomlinson, L Chapman… - … of health …, 2011 - ij-healthgeographics.biomedcentral …","[HTML] frontiersin.org,nan,[HTML] springer.com,nan,[HTML] nature.comFull View,[PDF] mdpi.com,[PDF] cuhk.edu.hk,[HTML] nature.com,nan,nan,[HTML] biomedcentral.com","https://www.frontiersin.org/articles/10.3389/fmars.2020.00703/full,https://en.wikipedia.org/wiki/Heat_wave%23Causes&amp;sa=U&amp;ved=2ahUKEwifndOr0NSBAxXQrZUCHegXCwsQ0gJ6BAgKEAY&amp;usg=AOvVaw0hA_kzKimtSIS8weSR5EFm"",https://link.springer.com/article/10.1007/s00484-022-02326-x,https://en.wikipedia.org/wiki/Heat_wave%23Definitions&amp;sa=U&amp;ved=2ahUKEwifndOr0NSBAxXQrZUCHegXCwsQ0gJ6BAgKEAU&amp;usg=AOvVaw2-d6JISuJv7FiaIKRnTxqB"",https://www.nature.com/articles/s41467-020-16970-7,https://www.mdpi.com/1660-4601/13/2/206,https://link.springer.com/article/10.1007/s11356-022-21963-8,https://www.nature.com/articles/s41598-017-12520-2,https://en.wikipedia.org/wiki/Heat_wave%23Impacts_on_human_health&amp;sa=U&amp;ved=2ahUKEwifndOr0NSBAxXQrZUCHegXCwsQ0gJ6BAgKEAc&amp;usg=AOvVaw2FlAbveXvJtCjRkBbjMVLh"",https://en.wikipedia.org/wiki/Heat_wave%23Other_impacts&amp;sa=U&amp;ved=2ahUKEwifndOr0NSBAxXQrZUCHegXCwsQ0gJ6BAgKEAg&amp;usg=AOvVaw334Z6ts7_OOgnIOKCjBB_s"",https://ij-healthgeographics.biomedcentral.com/articles/10.1186/1476-072X-10-42","Academic Journal,Government,Academic Journal,Government,Academic Journal,Academic Journal,Academic Journal,Academic Journal,Government,Government,Academic Journal","… with ecosystem-based fisheries management in the context of … management system in the 
North Pacific handled this shock. We also provide suggestions on how fisheries management …,nan,… In this study, we collated evaluations of heat-health action plans that assessed their 
effectiveness in reducing the adverse health outcomes of hot weather extremes. We examined 11 …,nan,… temperature dataset and key heatwave metrics, we systematically examine regional and 
global observed heatwave trends. In almost all regions, heatwave frequency demonstrates the …,… climate-resilient health systems. A HHAP relies on early-warning systems for timely activation 
… These results are promising for the development of more localised early warning systems. …,… Reduction (UNDRR), a heat-health action plan should address various impacts of hazards 
… ) in Hong Kong in order to enhance the heat-health action plan. Immediate, short-term, and …,… up to 120 extra heatwave days/season if 5 C is reached. Increases in heatwave intensity are 
… Between warming thresholds of 1.5 C and 2.5 C, the return intervals of intense heatwaves …,nan,nan,… techniques [40, 41] has allowed the spatial extent of the UHI to be measured at a higher 
resolution than previously, and this paper focuses on using this data for heat health risk studies. …","1.0,1.0,1.0,1.0,1.0,1.0,1.0,1.0,1.0,1.0,1.0","1.0,1.0,1.0,1.0,1.0,1.0,1.0,1.0,1.0,1.0,1.0","0.0,0.0,0.0,0.0,0.0,0.0,0.0,0.0,0.0,0.0,0.0","0.0,0.0,0.0,0.0,0.0,0.0,0.0,0.0,0.0,0.0,0.0","0.0,0.0,0.0,0.0,0.0,0.0,0.0,0.0,0.0,0.0,0.0","0.0,0.0,0.0,0.0,0.0,0.0,0.0,0.0,0.0,0.0,0.0","0.0,0.0,1.0,0.0,0.0,1.0,1.0,0.0,0.0,0.0,0.0","0.0,0.0,0.0,0.0,0.0,0.0,0.0,0.0,0.0,0.0,0.0","0.0,0.0,0.0,0.0,0.0,0.0,1.0,0.0,0.0,0.0,0.0","0.0,0.0,0.0,0.0,0.0,0.0,0.0,0.0,0.0,0.0,0.0","0.0,0.0,0.0,0.0,0.0,0.0,0.0,0.0,0.0,0.0,0.0","1,1,1,1,1,1,0,1,1,1,1"
